Word,Count
senior,151
manager,96
junior,90
analyst,68
marketing,67
director,41
operations,38
business,35
coordinator,28
financial,26
product,22
project,22
data,21
specialist,20
sales,19
engineer,17
software,17
scientist,16
designer,14
hr,14
development,14
associate,9
developer,9
human,8
representative,8
customer,7
resources,7
accountant,6
advisor,5
account,5
generalist,5
ux,5
support,5
consultant,4
recruiter,4
media,4
service,4
research,4
social,4
finance,3
web,3
technical,3
content,2
digital,2
training,2
chain,2
supply,2
principal,2
officer,2
chief,2
administrative,2
rep,2
vp,2
engineering,2
researcher,2
graphic,2
assistant,2
executive,2
event,2
success,2
copywriter,2
entry,1
creative,1
architect,1
advertising,1
capital,1
assurance,1
quality,1
management,1
office,1
producer,1
relations,1
public,1
ceo,1
strategy,1
clerk,1
writer,1
help,1
desk,1
technology,1
network,1
