Word,Count
senior,151
manager,96
junior,90
analyst,68
marketing,67
director,41
operations,38
business,35
coordinator,28
financial,26
project,22
product,22
data,21
specialist,20
sales,19
software,17
engineer,17
scientist,16
designer,14
hr,14
development,14
developer,9
associate,9
representative,8
human,8
resources,7
customer,7
accountant,6
advisor,5
account,5
ux,5
generalist,5
support,5
media,4
social,4
research,4
consultant,4
recruiter,4
service,4
technical,3
web,3
finance,3
assistant,2
rep,2
vp,2
copywriter,2
success,2
administrative,2
executive,2
training,2
engineering,2
supply,2
chain,2
officer,2
chief,2
principal,2
researcher,2
digital,2
event,2
graphic,2
content,2
writer,1
ceo,1
entry,1
clerk,1
desk,1
help,1
network,1
strategy,1
technology,1
creative,1
relations,1
public,1
producer,1
office,1
quality,1
management,1
assurance,1
capital,1
advertising,1
architect,1
